<application>
  <component name="FindSettings">
    <option name="customScope" value="Project Files" />
    <option name="defaultScopeName" value="Project Files" />
    <option name="SEARCH_SCOPE" value="Project Files" />
    <option name="FILE_MASK" value="*" />
    <mask>*.shtml</mask>
    <mask>*.shtm</mask>
    <mask>*.ng</mask>
    <mask>*.htm</mask>
    <mask>*.sht</mask>
    <mask>*.mts</mask>
    <mask>*.cts</mask>
    <mask>*.ats</mask>
    <mask>*.cjs</mask>
    <mask>*.js</mask>
    <mask>*,html</mask>
    <mask>*.service.ts</mask>
    <mask>*,java</mask>
    <mask>*.css</mask>
    <mask>*.</mask>
    <mask>*ts</mask>
    <mask>*effects.ts</mask>
    <mask>*.json</mask>
    <mask>*.scss</mask>
    <mask>*.efrem.xml</mask>
    <mask>*.effect.ts</mask>
    <mask>*.effects.ts</mask>
    <mask>*Mapper.xml</mask>
    <mask>*.xml</mask>
    <mask>*.java</mask>
    <mask>*repository*</mask>
    <mask>*repository.java</mask>
    <mask>*selector.ts</mask>
    <mask>*.ts</mask>
    <mask>*.routing.ts</mask>
    <mask>*.html</mask>
    <mask>*</mask>
  </component>
</application>