<application>
  <component name="GeneralSettings">
    <option name="showTipsOnStartup" value="false" />
    <option name="confirmOpenNewProject2" value="0" />
  </component>
  <component name="Registry">
    <entry key="ide.experimental.ui" value="true" />
    <entry key="ide.expansion.hints.enabled" value="false" />
    <entry key="editor.caret.width" value="1" />
    <entry key="ide.experimental.ui.inter.font" value="true" />
    <entry key="debugger.new.tool.window.layout" value="true" />
    <entry key="ide.balloon.shadow.size" value="15" />
    <entry key="terminal.new.ui" value="true" />
    <entry key="i18n.locale" value="" />
  </component>
  <component name="StatusBar">
    <option name="widgets">
      <map>
        <entry key="AIAssistant" value="false" />
        <entry key="CodiumAI" value="false" />
        <entry key="Memory" value="true" />
        <entry key="PowerSaveMode" value="true" />
        <entry key="VFS_REFRESH" value="true" />
        <entry key="aws.codewhisperer" value="false" />
      </map>
    </option>
  </component>
</application>