<application>
  <component name="IgnoredPluginSuggestions">
    <option name="pluginIds">
      <list>
        <option value="com.intellij.kubernetes" />
        <option value="com.microsoft.tooling.msservices.intellij.azure" />
        <option value="com.intellij.bigdatatools" />
        <option value="com.intellij.spring.websocket" />
        <option value="com.intellij.spring.batch" />
        <option value="com.jetbrains.jax.ws" />
        <option value="com.intellij.javaee.batch" />
        <option value="com.diffblue.intellij.cover.plugin" />
      </list>
    </option>
  </component>
</application>