<application>
  <component name="NodeJsLocalInterpreterManager">
    <local-interpreter path="/opt/homebrew/bin/node">
      <version-cache version="21.1.0" last-modified="1699970010989" />
    </local-interpreter>
    <local-interpreter path="C:/Program Files/nodejs/node.exe">
      <version-cache last-modified="0" />
    </local-interpreter>
    <local-interpreter path="$USER_HOME$/.nvm/versions/node/v20.11.1/bin/node">
      <version-cache version="20.11.1" last-modified="1707868869000" />
    </local-interpreter>
    <local-interpreter path="$USER_HOME$/.nvm/versions/node/v20.9.0/bin/node">
      <version-cache version="20.9.0" last-modified="1698116095000" />
    </local-interpreter>
    <local-interpreter path="$USER_HOME$/.nvm/versions/node/v19.8.1/bin/node">
      <version-cache version="19.8.1" last-modified="1678896531000" />
    </local-interpreter>
    <local-interpreter path="$USER_HOME$/.nvm/versions/node/v18.17.1/bin/node">
      <version-cache version="18.17.1" last-modified="1691533751000" />
    </local-interpreter>
    <local-interpreter path="$USER_HOME$/.nvm/versions/node/v18.12.1/bin/node">
      <version-cache version="18.12.1" last-modified="1667579253000" />
    </local-interpreter>
    <local-interpreter path="$USER_HOME$/.nvm/versions/node/v14.21.3/bin/node">
      <version-cache version="14.21.3" last-modified="1676563432000" />
    </local-interpreter>
  </component>
</application>