<application>
  <component name="Trusted.Paths">
    <option name="TRUSTED_PROJECT_PATHS">
      <map>
        <entry key="$USER_HOME$/code/micro" value="true" />
        <entry key="$USER_HOME$/code/study/Angular-Signals/swVehicles-no-signals" value="true" />
        <entry key="$USER_HOME$/code/study/Angular-Signals/swVehicles-simple" value="true" />
        <entry key="$USER_HOME$/code/study/Angular-Signals/swVehicles-with-signals" value="true" />
        <entry key="$USER_HOME$/code/study/Angular-Signals/taskList-begin" value="true" />
        <entry key="$USER_HOME$/code/study/Angular-Signals/taskList-end" value="true" />
        <entry key="$USER_HOME$/code/study/AngularTesting" value="true" />
        <entry key="$USER_HOME$/code/study/AngularUdemy/S24-standalone-components" value="true" />
        <entry key="$USER_HOME$/code/study/AngularUdemy/S24-standalone-components-routing" value="true" />
        <entry key="$USER_HOME$/code/study/AngularUdemy/S25-signal" value="true" />
        <entry key="$USER_HOME$/code/study/AngularUdemy/S26-starting-setup-standalone" value="true" />
        <entry key="$USER_HOME$/code/study/SpringDataJPA" value="true" />
        <entry key="$USER_HOME$/code/study/angular-challenges" value="true" />
        <entry key="$USER_HOME$/code/study/angular-class-testing-in-action/initial" value="true" />
        <entry key="$USER_HOME$/code/study/angular-demo" value="true" />
        <entry key="$USER_HOME$/code/study/angular-testing-llamas/initial" value="true" />
        <entry key="$USER_HOME$/code/study/angular16" value="true" />
        <entry key="$USER_HOME$/code/study/angular17-demo" value="true" />
        <entry key="$USER_HOME$/code/study/exercism/typescript" value="true" />
        <entry key="$USER_HOME$/code/study/learn-go-with-tests" value="true" />
        <entry key="$USER_HOME$/code/study/learning-python-2896241" value="true" />
        <entry key="$USER_HOME$/code/study/lonely-components" value="true" />
        <entry key="$USER_HOME$/code/study/movies-rating/movies" value="true" />
        <entry key="$USER_HOME$/code/study/ngrx-signal-store-demo" value="true" />
        <entry key="$USER_HOME$/code/study/spring-boot-example" value="true" />
        <entry key="$USER_HOME$/code/study/spring-boot-example 2" value="true" />
        <entry key="$USER_HOME$/code/study/tdd-game" value="true" />
        <entry key="$USER_HOME$/code/study/type-challenges/playground" value="true" />
        <entry key="$USER_HOME$/code/study/via-fa" value="true" />
        <entry key="$USER_HOME$/code/study/walk-my-dog-standalone" value="true" />
        <entry key="$USER_HOME$/code/teamSystem/WebGoat" value="true" />
        <entry key="$USER_HOME$/code/teamSystem/clarinet" value="true" />
        <entry key="$USER_HOME$/code/teamSystem/fleet-manager/backend" value="true" />
        <entry key="$USER_HOME$/code/teamSystem/fleet-manager/frontend" value="true" />
        <entry key="$USER_HOME$/code/teamSystem/integra-core-packages" value="true" />
        <entry key="$USER_HOME$/code/teamSystem/jazz-fusion" value="true" />
        <entry key="$USER_HOME$/code/teamSystem/laboratorio" value="true" />
        <entry key="$USER_HOME$/code/teamSystem/laboratorio/backend" value="true" />
        <entry key="$USER_HOME$/code/teamSystem/laboratorio/frontend" value="true" />
        <entry key="$USER_HOME$/code/teamSystem/micro" value="true" />
        <entry key="$USER_HOME$/code/teamSystem/micro-teaching-materials" value="true" />
        <entry key="$USER_HOME$/code/teamSystem/tghr-delivery" value="true" />
        <entry key="$USER_HOME$/code/teamSystem/together-jazz-gui" value="true" />
        <entry key="$USER_HOME$/code/teamSystem/vapor-angular-library" value="true" />
        <entry key="$USER_HOME$/dev/evadibilita/api" value="true" />
        <entry key="$USER_HOME$/dev/evadibilita/front-end" value="true" />
        <entry key="$USER_HOME$/dev/stagingx/api" value="true" />
        <entry key="$USER_HOME$/dev/stagingx/front-end" value="true" />
        <entry key="$USER_HOME$/dev/study/Angular-NgRx-GettingStarted/APM" value="true" />
        <entry key="$USER_HOME$/dev/study/AngularTesting/angular-testing1-llama-date" value="true" />
        <entry key="$USER_HOME$/dev/teamSystem/micro" value="true" />
        <entry key="$USER_HOME$/dev/wqr-ritiri-rubriche" value="true" />
        <entry key="$USER_HOME$/dev/wqr-ritiri-rubriche/wqr-common-be" value="true" />
        <entry key="$USER_HOME$/dev/wqr-ritiri-rubriche/wqr-ritiri-fe" value="true" />
        <entry key="/Volumes/Samsung_T5/Coop/evadibilita" value="true" />
        <entry key="/Volumes/Samsung_T5/Coop/wqr-ritiri-rubriche/wqr-ritiri-be" value="true" />
        <entry key="/Volumes/Samsung_T5/Coop/wqr-ritiri-rubriche/wqr-ritiri-fe" value="true" />
        <entry key="/Volumes/Samsung_T5/Hoxell/Dev/hoxell-qo/qo-backend" value="true" />
        <entry key="/Volumes/Samsung_T5/Hoxell/Dev/hoxell-qo/qo-frontend" value="true" />
        <entry key="/Volumes/Samsung_T5/Hoxell/Dev/study/viafa-ui" value="true" />
        <entry key="/Volumes/Samsung_T5/Hoxell/Dev/study/viafa-ui-old" value="true" />
        <entry key="/Volumes/Samsung_T5/code/Angular-NgRx-GettingStarted/APM" value="true" />
      </map>
    </option>
  </component>
  <component name="Trusted.Paths.Settings">
    <option name="TRUSTED_PATHS">
      <list>
        <option value="$USER_HOME$/dev/wqr-ritiri-rubriche" />
        <option value="$USER_HOME$/dev/evadibilita" />
        <option value="$USER_HOME$/dev/study/Angular-NgRx-GettingStarted" />
      </list>
    </option>
  </component>
</application>