<application>
  <component name="UISettings">
    <option name="compactTreeIndents" value="true" />
    <option name="CONSOLE_CYCLE_BUFFER_SIZE_KB" value="4096" />
    <option name="MARK_MODIFIED_TABS_WITH_ASTERISK" value="true" />
    <option name="OVERRIDE_CONSOLE_CYCLE_BUFFER_SIZE" value="true" />
    <option name="PRESENTATION_MODE_FONT_SIZE" value="12" />
    <option name="SEPARATE_MAIN_MENU" value="true" />
    <option name="showTreeIndentGuides" value="true" />
    <option name="UI_DENSITY" value="COMPACT" />
  </component>
</application>