<application>
  <component name="DimensionService">
    <location key="find.popup.0.0.1920.1080" x="357" y="88" />
    <location key="REMOTE_DEVELOPMENT_CONNECTION.0.0.1920.1080" x="560" y="213" />
    <location key="find.popup.0.0.3024.1964@192dpi" x="560" y="188" />
    <location key="#com.intellij.structuralsearch.plugin.ui.StructuralSearchDialog.0.0.1920.1080" x="303" y="221" />
    <location key="find.popup.-3024.196.3024.1964@192dpi" x="-2660" y="322" />
    <location key="find.popup.-195.-1080.1920.1080" x="145" y="-983" />
    <location key="find.popup.-218.-1080.1920.1080" x="138" y="-990" />
    <location key="find.popup.-214.-1080.1920.1080" x="318" y="-1055" />
    <location key="find.popup.-194.-1080.1920.1080" x="350" y="-1014" />
    <location key="find.popup.-237.-1080.1920.1080" x="11" y="-957" />
    <location key="find.popup.-262.-1080.1920.1080" x="78" y="-983" />
    <location key="find.popup.-211.-1080.1920.1080" x="-158" y="-915" />
    <location key="find.popup.-191.-1080.1920.1080" x="57" y="-957" />
    <location key="find.popup.-233.-1080.1920.1080" x="15" y="-957" />
    <location key="find.popup.-177.-1080.1920.1080" x="179" y="-990" />
    <location key="find.popup.-175.-1080.1920.1080" x="181" y="-992" />
    <size key="GridCell.Tab.0.left.0.0.1920.1080" width="1854" height="371" />
    <size key="GridCell.Tab.0.center.0.0.1920.1080" width="1854" height="371" />
    <size key="GridCell.Tab.0.right.0.0.1920.1080" width="1854" height="371" />
    <size key="GridCell.Tab.0.bottom.0.0.1920.1080" width="1854" height="371" />
    <size key="find.popup.0.0.1920.1080" width="1376" height="955" />
    <size key="GridCell.Tab.1.left.0.0.1920.1080" width="1854" height="371" />
    <size key="GridCell.Tab.1.center.0.0.1920.1080" width="1854" height="371" />
    <size key="GridCell.Tab.1.right.0.0.1920.1080" width="1854" height="371" />
    <size key="GridCell.Tab.1.bottom.0.0.1920.1080" width="1854" height="371" />
    <size key="REMOTE_DEVELOPMENT_CONNECTION.0.0.1920.1080" width="800" height="679" />
    <size key="find.popup.0.0.3024.1964@192dpi" width="2192" height="1710" />
    <size key="GridCell.Tab.0.left.0.0.3024.1964@192dpi" width="2892" height="724" />
    <size key="GridCell.Tab.0.center.0.0.3024.1964@192dpi" width="2892" height="724" />
    <size key="GridCell.Tab.0.right.0.0.3024.1964@192dpi" width="2892" height="724" />
    <size key="GridCell.Tab.0.bottom.0.0.3024.1964@192dpi" width="2892" height="724" />
    <size key="GridCell.Tab.1.left.0.0.3024.1964@192dpi" width="2892" height="724" />
    <size key="GridCell.Tab.1.center.0.0.3024.1964@192dpi" width="2892" height="724" />
    <size key="GridCell.Tab.1.right.0.0.3024.1964@192dpi" width="2892" height="724" />
    <size key="GridCell.Tab.1.bottom.0.0.3024.1964@192dpi" width="2892" height="724" />
    <size key="GridCell.Tab.4.left.0.0.1920.1080" width="1720" height="374" />
    <size key="GridCell.Tab.4.center.0.0.1920.1080" width="1720" height="374" />
    <size key="GridCell.Tab.4.right.0.0.1920.1080" width="1720" height="374" />
    <size key="GridCell.Tab.4.bottom.0.0.1920.1080" width="1720" height="374" />
    <size key="GridCell.Tab.2.left.0.0.1920.1080" width="1854" height="333" />
    <size key="GridCell.Tab.2.center.0.0.1920.1080" width="1854" height="333" />
    <size key="GridCell.Tab.2.right.0.0.1920.1080" width="1854" height="333" />
    <size key="GridCell.Tab.2.bottom.0.0.1920.1080" width="1854" height="333" />
    <size key="GridCell.Tab.3.left.0.0.1920.1080" width="1720" height="374" />
    <size key="GridCell.Tab.3.center.0.0.1920.1080" width="1720" height="374" />
    <size key="GridCell.Tab.3.right.0.0.1920.1080" width="1720" height="374" />
    <size key="GridCell.Tab.3.bottom.0.0.1920.1080" width="1720" height="374" />
    <size key="GridCell.Tab.0.left.-3024.196.3024.1964@192dpi" width="3708" height="800" />
    <size key="GridCell.Tab.0.center.-3024.196.3024.1964@192dpi" width="3708" height="800" />
    <size key="GridCell.Tab.0.right.-3024.196.3024.1964@192dpi" width="3708" height="800" />
    <size key="GridCell.Tab.0.bottom.-3024.196.3024.1964@192dpi" width="3708" height="800" />
    <size key="#com.intellij.structuralsearch.plugin.ui.StructuralReplaceDialog.0.0.1920.1080" width="1313" height="608" />
    <size key="find.popup.-3024.196.3024.1964@192dpi" width="2008" height="1624" />
    <size key="GridCell.Tab.0.right.-195.-1080.1920.1080" width="1854" height="579" />
    <size key="GridCell.Tab.0.left.-195.-1080.1920.1080" width="1854" height="579" />
    <size key="GridCell.Tab.0.center.-195.-1080.1920.1080" width="1854" height="579" />
    <size key="GridCell.Tab.0.bottom.-195.-1080.1920.1080" width="1854" height="579" />
    <size key="GridCell.Tab.1.left.-195.-1080.1920.1080" width="1854" height="400" />
    <size key="GridCell.Tab.1.center.-195.-1080.1920.1080" width="1854" height="400" />
    <size key="GridCell.Tab.1.right.-195.-1080.1920.1080" width="1854" height="400" />
    <size key="GridCell.Tab.1.bottom.-195.-1080.1920.1080" width="1854" height="400" />
    <size key="find.popup.-195.-1080.1920.1080" width="1141" height="830" />
    <size key="GridCell.Tab.0.right.-218.-1080.1920.1080" width="1854" height="403" />
    <size key="GridCell.Tab.0.left.-218.-1080.1920.1080" width="1854" height="403" />
    <size key="GridCell.Tab.0.center.-218.-1080.1920.1080" width="1854" height="403" />
    <size key="GridCell.Tab.0.bottom.-218.-1080.1920.1080" width="1854" height="403" />
    <size key="GridCell.Tab.1.left.-218.-1080.1920.1080" width="1854" height="403" />
    <size key="GridCell.Tab.1.center.-218.-1080.1920.1080" width="1854" height="403" />
    <size key="GridCell.Tab.1.right.-218.-1080.1920.1080" width="1854" height="403" />
    <size key="GridCell.Tab.1.bottom.-218.-1080.1920.1080" width="1854" height="403" />
    <size key="find.popup.-218.-1080.1920.1080" width="1376" height="955" />
    <size key="GridCell.Tab.0.right.-214.-1080.1920.1080" width="1854" height="346" />
    <size key="GridCell.Tab.0.left.-214.-1080.1920.1080" width="1854" height="346" />
    <size key="GridCell.Tab.0.center.-214.-1080.1920.1080" width="1854" height="346" />
    <size key="GridCell.Tab.0.bottom.-214.-1080.1920.1080" width="1854" height="346" />
    <size key="GridCell.Tab.1.left.-214.-1080.1920.1080" width="1854" height="346" />
    <size key="GridCell.Tab.1.center.-214.-1080.1920.1080" width="1854" height="346" />
    <size key="GridCell.Tab.1.right.-214.-1080.1920.1080" width="1854" height="346" />
    <size key="GridCell.Tab.1.bottom.-214.-1080.1920.1080" width="1854" height="346" />
    <size key="find.popup.-214.-1080.1920.1080" width="1377" height="956" />
    <size key="GridCell.Tab.1.left.-194.-1080.1920.1080" width="1854" height="502" />
    <size key="GridCell.Tab.1.center.-194.-1080.1920.1080" width="1854" height="502" />
    <size key="GridCell.Tab.1.right.-194.-1080.1920.1080" width="1854" height="502" />
    <size key="GridCell.Tab.1.bottom.-194.-1080.1920.1080" width="1854" height="502" />
    <size key="GridCell.Tab.0.left.-194.-1080.1920.1080" width="1854" height="502" />
    <size key="GridCell.Tab.0.center.-194.-1080.1920.1080" width="1854" height="502" />
    <size key="GridCell.Tab.0.right.-194.-1080.1920.1080" width="1854" height="502" />
    <size key="GridCell.Tab.0.bottom.-194.-1080.1920.1080" width="1854" height="502" />
    <size key="find.popup.-194.-1080.1920.1080" width="1376" height="955" />
    <size key="GridCell.Tab.2.left.-194.-1080.1920.1080" width="1854" height="502" />
    <size key="GridCell.Tab.2.center.-194.-1080.1920.1080" width="1854" height="502" />
    <size key="GridCell.Tab.2.right.-194.-1080.1920.1080" width="1854" height="502" />
    <size key="GridCell.Tab.2.bottom.-194.-1080.1920.1080" width="1854" height="502" />
    <size key="GridCell.Tab.0.right.-238.-1080.1920.1080" width="1854" height="417" />
    <size key="GridCell.Tab.0.left.-238.-1080.1920.1080" width="1854" height="417" />
    <size key="GridCell.Tab.0.center.-238.-1080.1920.1080" width="1854" height="417" />
    <size key="GridCell.Tab.0.bottom.-238.-1080.1920.1080" width="1854" height="417" />
    <size key="GridCell.Tab.1.left.-238.-1080.1920.1080" width="1854" height="417" />
    <size key="GridCell.Tab.1.center.-238.-1080.1920.1080" width="1854" height="417" />
    <size key="GridCell.Tab.1.right.-238.-1080.1920.1080" width="1854" height="417" />
    <size key="GridCell.Tab.1.bottom.-238.-1080.1920.1080" width="1854" height="417" />
    <size key="find.popup.-237.-1080.1920.1080" width="1522" height="791" />
    <size key="GridCell.Tab.0.left.-237.-1080.1920.1080" width="1854" height="380" />
    <size key="GridCell.Tab.0.center.-237.-1080.1920.1080" width="1854" height="380" />
    <size key="GridCell.Tab.0.right.-237.-1080.1920.1080" width="1854" height="380" />
    <size key="GridCell.Tab.0.bottom.-237.-1080.1920.1080" width="1854" height="380" />
    <size key="GridCell.Tab.1.left.-237.-1080.1920.1080" width="1854" height="380" />
    <size key="GridCell.Tab.1.center.-237.-1080.1920.1080" width="1854" height="380" />
    <size key="GridCell.Tab.1.right.-237.-1080.1920.1080" width="1854" height="380" />
    <size key="GridCell.Tab.1.bottom.-237.-1080.1920.1080" width="1854" height="380" />
    <size key="GridCell.Tab.0.left.-262.-1080.1920.1080" width="1854" height="293" />
    <size key="GridCell.Tab.0.center.-262.-1080.1920.1080" width="1854" height="293" />
    <size key="GridCell.Tab.0.right.-262.-1080.1920.1080" width="1854" height="293" />
    <size key="GridCell.Tab.0.bottom.-262.-1080.1920.1080" width="1854" height="293" />
    <size key="GridCell.Tab.1.left.-262.-1080.1920.1080" width="1854" height="293" />
    <size key="GridCell.Tab.1.center.-262.-1080.1920.1080" width="1854" height="293" />
    <size key="GridCell.Tab.1.right.-262.-1080.1920.1080" width="1854" height="293" />
    <size key="GridCell.Tab.1.bottom.-262.-1080.1920.1080" width="1854" height="293" />
    <size key="find.popup.-262.-1080.1920.1080" width="1141" height="830" />
    <size key="GridCell.Tab.0.left.-211.-1080.1920.1080" width="1854" height="381" />
    <size key="GridCell.Tab.0.center.-211.-1080.1920.1080" width="1854" height="381" />
    <size key="GridCell.Tab.0.right.-211.-1080.1920.1080" width="1854" height="381" />
    <size key="GridCell.Tab.0.bottom.-211.-1080.1920.1080" width="1854" height="381" />
    <size key="find.popup.-211.-1080.1920.1080" width="1454" height="841" />
    <size key="find.popup.-191.-1080.1920.1080" width="1522" height="791" />
    <size key="GridCell.Tab.0.right.-191.-1080.1920.1080" width="1854" height="480" />
    <size key="GridCell.Tab.0.left.-191.-1080.1920.1080" width="1854" height="480" />
    <size key="GridCell.Tab.0.center.-191.-1080.1920.1080" width="1854" height="480" />
    <size key="GridCell.Tab.0.bottom.-191.-1080.1920.1080" width="1854" height="480" />
    <size key="GridCell.Tab.1.left.-191.-1080.1920.1080" width="1854" height="380" />
    <size key="GridCell.Tab.1.center.-191.-1080.1920.1080" width="1854" height="380" />
    <size key="GridCell.Tab.1.right.-191.-1080.1920.1080" width="1854" height="380" />
    <size key="GridCell.Tab.1.bottom.-191.-1080.1920.1080" width="1854" height="380" />
    <size key="GridCell.Tab.1.left.-211.-1080.1920.1080" width="1854" height="381" />
    <size key="GridCell.Tab.1.center.-211.-1080.1920.1080" width="1854" height="381" />
    <size key="GridCell.Tab.1.right.-211.-1080.1920.1080" width="1854" height="381" />
    <size key="GridCell.Tab.1.bottom.-211.-1080.1920.1080" width="1854" height="381" />
    <size key="GridCell.Tab.0.left.-233.-1080.1920.1080" width="1854" height="568" />
    <size key="GridCell.Tab.0.center.-233.-1080.1920.1080" width="1854" height="568" />
    <size key="GridCell.Tab.0.right.-233.-1080.1920.1080" width="1854" height="568" />
    <size key="GridCell.Tab.0.bottom.-233.-1080.1920.1080" width="1854" height="568" />
    <size key="GridCell.Tab.1.left.-233.-1080.1920.1080" width="1854" height="568" />
    <size key="GridCell.Tab.1.center.-233.-1080.1920.1080" width="1854" height="568" />
    <size key="GridCell.Tab.1.right.-233.-1080.1920.1080" width="1854" height="568" />
    <size key="GridCell.Tab.1.bottom.-233.-1080.1920.1080" width="1854" height="568" />
    <size key="find.popup.-233.-1080.1920.1080" width="1523" height="792" />
    <size key="GridCell.Tab.1.left.-3024.196.3024.1964@192dpi" width="3708" height="800" />
    <size key="GridCell.Tab.1.center.-3024.196.3024.1964@192dpi" width="3708" height="800" />
    <size key="GridCell.Tab.1.right.-3024.196.3024.1964@192dpi" width="3708" height="800" />
    <size key="GridCell.Tab.1.bottom.-3024.196.3024.1964@192dpi" width="3708" height="800" />
    <size key="find.popup.-177.-1080.1920.1080" width="1376" height="955" />
    <size key="GridCell.Tab.0.right.-177.-1080.1920.1080" width="1446" height="329" />
    <size key="GridCell.Tab.0.left.-177.-1080.1920.1080" width="1446" height="329" />
    <size key="GridCell.Tab.0.center.-177.-1080.1920.1080" width="1446" height="329" />
    <size key="GridCell.Tab.0.bottom.-177.-1080.1920.1080" width="1446" height="329" />
    <size key="GridCell.Tab.1.left.-177.-1080.1920.1080" width="1446" height="329" />
    <size key="GridCell.Tab.1.center.-177.-1080.1920.1080" width="1446" height="329" />
    <size key="GridCell.Tab.1.right.-177.-1080.1920.1080" width="1446" height="329" />
    <size key="GridCell.Tab.1.bottom.-177.-1080.1920.1080" width="1446" height="329" />
    <size key="GridCell.Tab.0.left.-240.-1080.1920.1080" width="1446" height="436" />
    <size key="GridCell.Tab.0.center.-240.-1080.1920.1080" width="1446" height="436" />
    <size key="GridCell.Tab.0.right.-240.-1080.1920.1080" width="1446" height="436" />
    <size key="GridCell.Tab.0.bottom.-240.-1080.1920.1080" width="1446" height="436" />
    <size key="GridCell.Tab.0.right.-175.-1080.1920.1080" width="1854" height="409" />
    <size key="GridCell.Tab.0.left.-175.-1080.1920.1080" width="1854" height="409" />
    <size key="GridCell.Tab.0.center.-175.-1080.1920.1080" width="1854" height="409" />
    <size key="GridCell.Tab.0.bottom.-175.-1080.1920.1080" width="1854" height="409" />
    <size key="GridCell.Tab.1.left.-175.-1080.1920.1080" width="1854" height="409" />
    <size key="GridCell.Tab.1.center.-175.-1080.1920.1080" width="1854" height="409" />
    <size key="GridCell.Tab.1.right.-175.-1080.1920.1080" width="1854" height="409" />
    <size key="GridCell.Tab.1.bottom.-175.-1080.1920.1080" width="1854" height="409" />
    <size key="find.popup.-175.-1080.1920.1080" width="1392" height="956" />
  </component>
  <component name="WindowManager">
    <frame x="0" y="25" width="1920" height="1055" extendedState="6" />
  </component>
  <component name="WindowStateApplicationService">
    <state width="938" height="117" key="ShowUsagesActions.dimensionServiceKey" timestamp="1728978678676">
      <screen x="0" y="25" width="1920" height="1055" />
    </state>
    <state width="938" height="117" key="ShowUsagesActions.dimensionServiceKey/-1512.136.1512.944/0.25.1920.1055" timestamp="1728978678676" />
    <state width="1051" height="183" key="ShowUsagesActions.dimensionServiceKey/0.25.1920.1055" timestamp="1728973587219" />
    <state width="826" height="95" key="ShowUsagesActions.dimensionServiceKey/0.38.1512.944" timestamp="1722503461175" />
    <state width="758" height="119" key="ShowUsagesActions.dimensionServiceKey/0.38.1512.944/-195.-1055.1920.1055" timestamp="1727711420548" />
    <state width="777" height="249" key="ShowUsagesActions.dimensionServiceKey/178.1118.1512.944/0.25.1920.1055" timestamp="1721742778308" />
    <state width="1375" height="139" key="ShowUsagesActions.dimensionServiceKey/229.1118.1512.944/0.25.1920.1055" timestamp="1722436270491" />
    <state width="961" height="141" key="ShowUsagesActions.dimensionServiceKey/232.1118.1512.944/0.25.1920.1055" timestamp="1728401339039" />
    <state width="300" height="427" key="Vcs.CompareWithSelectedRevision.Popup" timestamp="1725261931803">
      <screen x="0" y="25" width="1920" height="1055" />
    </state>
    <state width="300" height="427" key="Vcs.CompareWithSelectedRevision.Popup/-1512.136.1512.944/0.25.1920.1055" timestamp="1725261931803" />
    <state x="960" y="499" width="1020" height="734" key="WELCOME_SCREEN" timestamp="1728371251232">
      <screen x="0" y="25" width="1920" height="1055" />
    </state>
    <state x="959" y="498" width="1019" height="733" key="WELCOME_SCREEN/-1512.136.1512.944/0.25.1920.1055" timestamp="1721289378029" />
    <state x="960" y="499" width="1020" height="734" key="WELCOME_SCREEN/0.25.1920.1055" timestamp="1721196268345" />
    <state x="755" y="462" width="803" height="656" key="WELCOME_SCREEN/0.38.1512.944/-191.-1055.1920.1055" timestamp="1725360725924" />
    <state x="960" y="499" width="1020" height="734" key="WELCOME_SCREEN/232.1118.1512.944/0.25.1920.1055" timestamp="1728371251232" />
  </component>
</application>