<keymap version="1" name="macOS copy" parent="Mac OS X 10.5+">
  <action id="CodeCompletion">
    <keyboard-shortcut first-keystroke="ctrl meta space" />
  </action>
  <action id="EmojiAndSymbols" />
  <action id="MoveLineDown">
    <keyboard-shortcut first-keystroke="shift meta down" />
  </action>
  <action id="MoveLineUp">
    <keyboard-shortcut first-keystroke="shift meta up" />
  </action>
  <action id="MoveStatementDown" />
  <action id="MoveStatementUp" />
  <action id="OpenInlineChatAction">
    <keyboard-shortcut first-keystroke="shift ctrl g" />
  </action>
  <action id="SelectAllOccurrences">
    <keyboard-shortcut first-keystroke="shift alt j" />
  </action>
  <action id="SelectNextOccurrence">
    <keyboard-shortcut first-keystroke="alt j" />
  </action>
  <action id="TableResult.SelectNextOccurrence" />
  <action id="copilot.disposeInlays" />
</keymap>