<keymap version="1" name="Windows copy" parent="$default">
  <action id="CloseContent">
    <keyboard-shortcut first-keystroke="ctrl w" />
  </action>
  <action id="Console.History.Browse" />
  <action id="Console.Jdbc.BrowseHistory" />
  <action id="EditorSelectWord" />
  <action id="MoveTabRight">
    <keyboard-shortcut first-keystroke="ctrl alt e" />
  </action>
  <action id="PerforceDirect.Edit" />
  <action id="SmartSelect" />
  <action id="TableResult.GrowSelection" />
  <action id="ToggleFindInSelection" />
  <action id="UsageFiltering.WriteAccess" />
</keymap>